{"mean": [36.99829931972789, 9.357993197278912, 2.9064625850340136, 6544.024659863946, 2.693027210884354, 11.364795918367347, 7.050170068027211, 0.10459183673469388, 0.1913265306122449, 0.7040816326530612, 0.04081632653061224, 0.6496598639455783, 0.30952380952380953, 0.09183673469387756, 0.03486394557823129, 0.1828231292517007, 0.070578231292517, 0.09608843537414966, 0.05357142857142857, 0.1870748299319728, 0.23214285714285715, 0.05102040816326531, 0.7108843537414966, 0.2891156462585034], "scale": [9.174239138716262, 8.176324543923926, 1.0275585639473874, 4651.764901542405, 2.4850202272560704, 7.798073553694327, 6.0840233486674995, 0.3060267707622276, 0.3933455088038081, 0.4564544744152049, 0.19786448397617667, 0.47707643530548755, 0.46229732949875235, 0.28879534077724295, 0.18343514079082401, 0.38652145174920965, 0.25611900468363724, 0.29471248355218604, 0.2251700038021159, 0.3899715860648007, 0.42219965776917456, 0.22003937400865126, 0.45335172807328233, 0.45335172807328233], "columns": ["Age", "DistanceFromHome", "Education", "MonthlyIncome", "NumCompaniesWorked", "TotalWorkingYears", "YearsAtCompany", "BusinessTravel_Non-Travel", "BusinessTravel_Travel_Frequently", "BusinessTravel_Travel_Rarely", "Department_Human Resources", "Department_Research & Development", "Department_Sales", "JobRole_Healthcare Representative", "JobRole_Human Resources", "JobRole_Laboratory Technician", "JobRole_Manager", "JobRole_Manufacturing Director", "JobRole_Research Director", "JobRole_Research Scientist", "JobRole_Sales Executive", "JobRole_Sales Representative", "OverTime_No", "OverTime_Yes"]}